timestamp,open,high,low,close,volume
2025-03-25 14:26:00+00:00,87722.49,87726.05,87641.88,87660.18,13.97645
2025-03-25 14:27:00+00:00,87660.19,87660.19,87548.0,87549.39,16.75069
2025-03-25 14:28:00+00:00,87549.4,87658.0,87545.99,87633.7,13.85521
2025-03-25 14:29:00+00:00,87633.71,87700.0,87613.53,87699.99,8.61895
2025-03-25 14:30:00+00:00,87700.0,87768.0,87681.16,87756.0,13.62593
2025-03-25 14:31:00+00:00,87756.0,87808.48,87672.51,87672.52,27.51462
2025-03-25 14:32:00+00:00,87672.52,87680.14,87604.56,87670.0,18.66373
2025-03-25 14:33:00+00:00,87669.99,87746.0,87642.38,87720.01,13.01809
2025-03-25 14:34:00+00:00,87720.01,87787.99,87720.0,87773.58,19.89897
2025-03-25 14:35:00+00:00,87773.58,87900.0,87760.0,87900.0,27.55246
2025-03-25 14:36:00+00:00,87900.0,87977.54,87900.0,87956.49,30.97731
2025-03-25 14:37:00+00:00,87956.5,87956.51,87860.0,87875.43,25.93344
2025-03-25 14:38:00+00:00,87875.44,87941.0,87844.47,87936.0,16.07158
2025-03-25 14:39:00+00:00,87936.0,87947.03,87911.04,87933.98,14.89637
2025-03-25 14:40:00+00:00,87933.99,87983.17,87933.99,87963.14,29.37383
2025-03-25 14:41:00+00:00,87963.14,88182.59,87963.13,88123.09,142.76101
2025-03-25 14:42:00+00:00,88123.1,88228.0,88086.12,88128.58,72.2052
2025-03-25 14:43:00+00:00,88128.58,88161.86,88092.6,88111.16,54.09462
2025-03-25 14:44:00+00:00,88111.15,88176.47,88056.56,88152.47,76.78581
2025-03-25 14:45:00+00:00,88152.47,88200.0,88018.4,88074.01,33.33457
2025-03-25 14:46:00+00:00,88074.01,88079.95,88022.17,88048.38,18.74919
2025-03-25 14:47:00+00:00,88048.37,88140.0,88028.83,88134.71,54.83767
2025-03-25 14:48:00+00:00,88134.71,88156.55,88108.0,88156.55,15.60088
2025-03-25 14:49:00+00:00,88156.55,88184.8,88078.42,88099.2,39.9493
2025-03-25 14:50:00+00:00,88099.2,88099.2,88021.73,88040.2,16.57925
2025-03-25 14:51:00+00:00,88040.2,88131.06,88012.69,88077.35,20.33163
2025-03-25 14:52:00+00:00,88077.99,88094.0,88012.0,88034.61,29.26095
2025-03-25 14:53:00+00:00,88034.61,88036.23,87940.07,87948.0,34.57163
2025-03-25 14:54:00+00:00,87948.0,88025.48,87944.0,87987.38,17.04784
2025-03-25 14:55:00+00:00,87987.38,88023.99,87962.98,87964.59,23.72995
2025-03-25 14:56:00+00:00,87964.59,88005.0,87942.0,87956.52,27.84767
2025-03-25 14:57:00+00:00,87956.49,87966.0,87862.0,87862.26,40.24064
2025-03-25 14:58:00+00:00,87862.26,87956.53,87836.0,87956.53,22.60782
2025-03-25 14:59:00+00:00,87956.52,88023.99,87938.49,88022.4,13.04899
2025-03-25 15:00:00+00:00,88022.39,88092.56,88019.96,88049.97,25.03116
2025-03-25 15:01:00+00:00,88049.97,88098.1,88048.59,88098.09,15.33884
2025-03-25 15:02:00+00:00,88098.09,88149.93,88075.21,88105.7,26.49373
2025-03-25 15:03:00+00:00,88105.7,88147.5,88026.21,88040.0,35.87359
2025-03-25 15:04:00+00:00,88040.01,88040.01,88013.55,88022.4,12.23306
2025-03-25 15:05:00+00:00,88022.4,88023.99,87986.02,87993.2,33.10428
2025-03-25 15:06:00+00:00,87993.2,88091.22,87964.49,88087.99,52.84043
2025-03-25 15:07:00+00:00,88087.99,88162.0,88082.01,88082.01,22.55837
2025-03-25 15:08:00+00:00,88082.01,88122.42,88065.25,88122.42,19.00466
2025-03-25 15:09:00+00:00,88122.41,88192.0,88122.41,88186.39,20.54717
2025-03-25 15:10:00+00:00,88186.4,88258.8,88178.13,88178.13,48.35907
2025-03-25 15:11:00+00:00,88178.13,88178.14,88088.35,88107.08,15.58395
2025-03-25 15:12:00+00:00,88107.07,88107.08,88007.1,88007.1,10.11703
2025-03-25 15:13:00+00:00,88007.1,88013.99,87975.34,87975.35,10.5596
2025-03-25 15:14:00+00:00,87975.35,88056.61,87975.34,88056.34,16.71933
2025-03-25 15:15:00+00:00,88056.34,88084.3,88002.01,88002.01,16.95658
2025-03-25 15:16:00+00:00,88002.01,88002.01,87908.62,87908.62,29.68784
2025-03-25 15:17:00+00:00,87908.63,87947.89,87862.47,87946.35,26.94673
2025-03-25 15:18:00+00:00,87946.36,87946.36,87870.0,87883.83,19.15422
2025-03-25 15:19:00+00:00,87883.84,87933.27,87883.83,87921.03,8.69926
2025-03-25 15:20:00+00:00,87921.03,87956.0,87862.24,87872.81,16.26771
2025-03-25 15:21:00+00:00,87872.82,87923.92,87800.0,87891.66,17.98235
2025-03-25 15:22:00+00:00,87891.66,87915.65,87844.77,87915.64,15.95893
2025-03-25 15:23:00+00:00,87915.64,87947.76,87909.6,87947.76,9.50724
2025-03-25 15:24:00+00:00,87947.76,87983.28,87913.63,87983.27,12.8838
2025-03-25 15:25:00+00:00,87983.27,88055.21,87983.27,88055.21,15.26161
2025-03-25 15:26:00+00:00,88055.21,88062.46,88029.96,88034.24,10.52625
2025-03-25 15:27:00+00:00,88034.25,88088.9,88034.24,88052.31,22.69657
2025-03-25 15:28:00+00:00,88052.31,88052.31,87992.0,87999.31,16.84604
2025-03-25 15:29:00+00:00,87999.3,87999.31,87969.08,87978.66,11.38738
2025-03-25 15:30:00+00:00,87978.66,88019.41,87969.07,87988.0,18.00737
2025-03-25 15:31:00+00:00,87988.01,88061.88,87962.68,87964.81,29.97153
2025-03-25 15:32:00+00:00,87964.8,87984.79,87888.34,87901.19,20.27801
2025-03-25 15:33:00+00:00,87901.19,87908.23,87800.0,87833.5,72.64538
2025-03-25 15:34:00+00:00,87833.51,87837.68,87750.0,87797.65,44.86404
2025-03-25 15:35:00+00:00,87797.66,87820.76,87765.23,87805.71,48.75641
2025-03-25 15:36:00+00:00,87805.71,87826.97,87780.74,87826.97,13.35381
2025-03-25 15:37:00+00:00,87826.97,87826.97,87727.27,87763.22,31.11285
2025-03-25 15:38:00+00:00,87763.23,87824.0,87748.52,87824.0,53.4976
2025-03-25 15:39:00+00:00,87824.0,87858.62,87823.99,87857.51,13.425
2025-03-25 15:40:00+00:00,87857.51,87906.01,87857.51,87871.98,19.00755
2025-03-25 15:41:00+00:00,87871.98,87874.87,87842.72,87858.7,14.34807
2025-03-25 15:42:00+00:00,87858.69,87914.82,87856.4,87914.82,8.75857
2025-03-25 15:43:00+00:00,87915.09,87983.99,87915.09,87966.01,15.82721
2025-03-25 15:44:00+00:00,87966.01,88013.98,87950.0,88013.98,36.06216
2025-03-25 15:45:00+00:00,88013.98,88051.98,88010.89,88010.89,15.49963
2025-03-25 15:46:00+00:00,88010.89,88010.89,87944.0,87967.58,14.79035
2025-03-25 15:47:00+00:00,87967.59,87979.99,87917.52,87917.53,18.94816
2025-03-25 15:48:00+00:00,87917.53,87927.43,87826.08,87826.08,14.38143
2025-03-25 15:49:00+00:00,87826.09,87864.0,87789.96,87863.99,18.03663
2025-03-25 15:50:00+00:00,87863.99,87877.3,87835.11,87836.0,11.24501
2025-03-25 15:51:00+00:00,87836.0,87863.69,87762.0,87762.01,39.8416
2025-03-25 15:52:00+00:00,87762.0,87799.99,87762.0,87799.98,21.26592
2025-03-25 15:53:00+00:00,87799.99,87799.99,87742.0,87766.0,16.25507
2025-03-25 15:54:00+00:00,87765.99,87800.0,87713.62,87770.82,32.36425
2025-03-25 15:55:00+00:00,87770.83,87800.0,87727.16,87727.16,48.71609
2025-03-25 15:56:00+00:00,87727.17,87761.86,87715.11,87758.47,8.01198
2025-03-25 15:57:00+00:00,87758.46,87800.0,87726.64,87792.0,13.03122
2025-03-25 15:58:00+00:00,87792.01,87860.0,87762.53,87846.06,19.8915
2025-03-25 15:59:00+00:00,87846.07,87846.07,87774.37,87774.37,8.07599
2025-03-25 16:00:00+00:00,87774.37,87865.85,87774.37,87852.53,19.32487
2025-03-25 16:01:00+00:00,87852.53,87907.17,87802.0,87827.22,16.7128
2025-03-25 16:02:00+00:00,87827.23,87830.39,87700.0,87728.27,13.67655
2025-03-25 16:03:00+00:00,87728.26,87810.4,87706.34,87810.39,9.77945
2025-03-25 16:04:00+00:00,87810.4,87849.96,87762.93,87771.96,15.41132
2025-03-25 16:05:00+00:00,87771.96,87771.96,87729.96,87729.97,10.67865
2025-03-25 16:06:00+00:00,87729.97,87754.98,87700.03,87738.05,8.14907
2025-03-25 16:07:00+00:00,87738.05,87746.75,87702.94,87745.77,15.29257
2025-03-25 16:08:00+00:00,87745.77,87771.9,87716.8,87766.0,22.02705
2025-03-25 16:09:00+00:00,87766.01,87856.13,87759.59,87856.13,12.88738
2025-03-25 16:10:00+00:00,87856.13,87960.71,87856.12,87960.7,9.32864
2025-03-25 16:11:00+00:00,87960.7,87960.7,87933.44,87956.28,11.81633
2025-03-25 16:12:00+00:00,87956.28,87956.29,87891.3,87891.31,4.63961
2025-03-25 16:13:00+00:00,87891.31,87897.28,87868.49,87876.2,8.9759
2025-03-25 16:14:00+00:00,87876.21,87902.14,87860.0,87902.13,17.95864
2025-03-25 16:15:00+00:00,87902.13,87902.13,87817.14,87817.15,12.93783
2025-03-25 16:16:00+00:00,87817.14,87858.19,87808.85,87831.72,6.87048
2025-03-25 16:17:00+00:00,87831.72,87831.72,87760.0,87769.93,13.61432
2025-03-25 16:18:00+00:00,87769.94,87769.94,87752.0,87758.65,4.97866
2025-03-25 16:19:00+00:00,87758.64,87798.01,87746.0,87785.94,11.82368
2025-03-25 16:20:00+00:00,87785.94,87804.91,87754.87,87786.23,11.1647
2025-03-25 16:21:00+00:00,87786.23,87831.72,87760.86,87831.72,8.35357
2025-03-25 16:22:00+00:00,87831.71,87891.23,87830.94,87891.23,9.91324
2025-03-25 16:23:00+00:00,87891.23,87957.65,87891.22,87957.65,8.40677
2025-03-25 16:24:00+00:00,87957.65,87979.99,87908.17,87922.79,16.47387
2025-03-25 16:25:00+00:00,87922.78,87941.33,87910.25,87910.26,17.56064
2025-03-25 16:26:00+00:00,87910.25,87930.23,87846.24,87867.9,7.48729
2025-03-25 16:27:00+00:00,87867.9,87882.74,87846.51,87877.9,4.1686
2025-03-25 16:28:00+00:00,87877.89,87907.33,87877.43,87899.97,12.44005
2025-03-25 16:29:00+00:00,87899.98,87899.98,87806.24,87825.99,14.29696
2025-03-25 16:30:00+00:00,87826.0,87858.84,87793.56,87793.57,20.89629
2025-03-25 16:31:00+00:00,87793.56,87793.57,87721.97,87724.12,13.36271
2025-03-25 16:32:00+00:00,87724.04,87747.99,87692.01,87699.99,8.41885
2025-03-25 16:33:00+00:00,87699.99,87712.4,87656.68,87668.53,17.10041
2025-03-25 16:34:00+00:00,87668.53,87738.06,87668.52,87738.06,8.87473
2025-03-25 16:35:00+00:00,87738.06,87809.81,87720.2,87720.2,18.85177
2025-03-25 16:36:00+00:00,87720.21,87782.68,87712.18,87712.18,22.22162
2025-03-25 16:37:00+00:00,87712.18,87739.97,87672.56,87686.0,21.18995
2025-03-25 16:38:00+00:00,87686.0,87715.0,87668.73,87697.89,10.22317
2025-03-25 16:39:00+00:00,87697.9,87726.42,87649.87,87649.88,19.51737
2025-03-25 16:40:00+00:00,87649.88,87709.15,87637.87,87637.88,24.47205
2025-03-25 16:41:00+00:00,87637.88,87704.0,87637.87,87651.24,13.25378
2025-03-25 16:42:00+00:00,87651.23,87715.18,87637.9,87715.18,6.28708
2025-03-25 16:43:00+00:00,87715.17,87715.18,87680.0,87708.27,13.14548
2025-03-25 16:44:00+00:00,87708.26,87769.75,87707.02,87769.74,14.57344
2025-03-25 16:45:00+00:00,87769.75,87787.0,87675.12,87675.12,13.08642
2025-03-25 16:46:00+00:00,87675.12,87706.49,87633.01,87695.66,36.09184
2025-03-25 16:47:00+00:00,87695.66,87783.99,87695.66,87783.99,37.78992
2025-03-25 16:48:00+00:00,87783.98,87793.48,87757.35,87760.02,28.82943
2025-03-25 16:49:00+00:00,87760.01,87806.85,87760.01,87765.82,18.79625
2025-03-25 16:50:00+00:00,87765.82,87793.47,87704.8,87793.47,21.28417
2025-03-25 16:51:00+00:00,87793.46,87835.82,87786.71,87786.72,12.1808
2025-03-25 16:52:00+00:00,87786.72,87845.99,87780.34,87799.86,31.47626
2025-03-25 16:53:00+00:00,87799.86,87835.79,87783.25,87803.04,20.51864
2025-03-25 16:54:00+00:00,87803.03,87833.99,87793.27,87817.06,22.69866
2025-03-25 16:55:00+00:00,87817.06,87868.68,87817.06,87857.96,19.63463
2025-03-25 16:56:00+00:00,87857.97,87867.99,87801.56,87801.57,15.19832
2025-03-25 16:57:00+00:00,87801.57,87824.76,87783.96,87811.1,19.27681
2025-03-25 16:58:00+00:00,87811.11,87811.11,87772.0,87792.84,16.42393
2025-03-25 16:59:00+00:00,87792.85,87806.0,87784.12,87792.4,22.85845
2025-03-25 17:00:00+00:00,87792.41,87909.06,87792.41,87909.06,23.85166
2025-03-25 17:01:00+00:00,87909.09,87968.0,87909.09,87967.99,20.48096
2025-03-25 17:02:00+00:00,87967.99,88028.06,87967.99,87984.2,28.62654
2025-03-25 17:03:00+00:00,87984.2,87989.33,87950.0,87956.94,17.59831
2025-03-25 17:04:00+00:00,87956.93,88029.62,87956.93,88013.56,20.56822
2025-03-25 17:05:00+00:00,88013.55,88055.0,87993.2,87993.21,32.62292
2025-03-25 17:06:00+00:00,87993.21,88066.0,87993.21,88066.0,15.77495
2025-03-25 17:07:00+00:00,88066.0,88140.0,88065.99,88129.27,19.74569
2025-03-25 17:08:00+00:00,88129.26,88178.14,88129.26,88169.18,8.54495
2025-03-25 17:09:00+00:00,88169.77,88222.0,88169.76,88222.0,19.84247
2025-03-25 17:10:00+00:00,88222.0,88321.27,88221.99,88317.7,40.41186
2025-03-25 17:11:00+00:00,88317.69,88317.7,88204.87,88217.4,22.69066
2025-03-25 17:12:00+00:00,88217.4,88229.98,88179.08,88184.06,9.30434
2025-03-25 17:13:00+00:00,88184.06,88184.07,88165.41,88169.98,4.40838
2025-03-25 17:14:00+00:00,88169.98,88201.94,88139.76,88201.94,9.00478
2025-03-25 17:15:00+00:00,88201.95,88260.0,88178.03,88210.0,28.72066
2025-03-25 17:16:00+00:00,88210.0,88210.0,88146.38,88167.69,28.50656
2025-03-25 17:17:00+00:00,88167.62,88180.79,88084.3,88107.98,8.67865
2025-03-25 17:18:00+00:00,88107.97,88132.22,88070.79,88092.0,6.40694
2025-03-25 17:19:00+00:00,88091.99,88107.13,88068.84,88068.85,7.3831
2025-03-25 17:20:00+00:00,88068.84,88083.48,88026.34,88047.08,11.67461
2025-03-25 17:21:00+00:00,88047.08,88098.0,88040.0,88071.9,8.7521
2025-03-25 17:22:00+00:00,88071.9,88085.99,88067.01,88076.45,2.31113
2025-03-25 17:23:00+00:00,88076.44,88128.0,88073.12,88074.73,9.65886
2025-03-25 17:24:00+00:00,88074.74,88074.74,88043.98,88044.23,9.62915
2025-03-25 17:25:00+00:00,88044.23,88060.0,88000.0,88013.97,13.55937
2025-03-25 17:26:00+00:00,88013.98,88013.98,87968.0,87996.66,29.14848
2025-03-25 17:27:00+00:00,87996.66,88001.98,87960.0,88000.44,12.53454
2025-03-25 17:28:00+00:00,88000.43,88000.44,87968.0,87990.0,11.0243
2025-03-25 17:29:00+00:00,87990.01,87993.1,87914.29,87935.98,21.52309
2025-03-25 17:30:00+00:00,87935.98,87991.65,87919.83,87988.92,9.33375
2025-03-25 17:31:00+00:00,87988.92,87988.93,87933.58,87949.91,8.02859
2025-03-25 17:32:00+00:00,87949.92,88009.44,87949.92,87984.95,8.32493
2025-03-25 17:33:00+00:00,87984.96,88041.99,87984.95,88013.06,13.48872
2025-03-25 17:34:00+00:00,88013.07,88050.0,87960.52,88050.0,11.87908
2025-03-25 17:35:00+00:00,88049.99,88060.0,88024.6,88024.6,4.89684
2025-03-25 17:36:00+00:00,88024.6,88062.46,87954.17,87954.17,9.25141
2025-03-25 17:37:00+00:00,87954.18,88048.17,87954.17,88043.53,10.36554
2025-03-25 17:38:00+00:00,88043.53,88065.51,88040.17,88051.33,4.12939
2025-03-25 17:39:00+00:00,88051.32,88053.32,88013.08,88013.08,4.72915
2025-03-25 17:40:00+00:00,88013.08,88051.23,87995.17,88051.23,7.32466
2025-03-25 17:41:00+00:00,88051.22,88061.99,88016.0,88016.01,6.267
2025-03-25 17:42:00+00:00,88016.01,88054.58,88008.75,88045.58,10.93852
2025-03-25 17:43:00+00:00,88045.57,88059.68,88025.99,88025.99,9.36451
2025-03-25 17:44:00+00:00,88026.0,88069.37,88025.99,88043.84,15.03325
2025-03-25 17:45:00+00:00,88043.83,88092.97,88022.0,88063.95,12.06366
2025-03-25 17:46:00+00:00,88063.94,88063.94,87924.9,87924.9,15.17561
2025-03-25 17:47:00+00:00,87924.91,87979.15,87917.9,87979.14,5.88179
2025-03-25 17:48:00+00:00,87979.15,88075.93,87979.15,88060.82,14.81577
2025-03-25 17:49:00+00:00,88060.82,88092.0,87909.96,87920.0,18.0569
2025-03-25 17:50:00+00:00,87920.0,87920.01,87873.49,87879.27,9.38037
2025-03-25 17:51:00+00:00,87879.28,87954.48,87867.92,87936.76,9.1326
2025-03-25 17:52:00+00:00,87936.75,87958.0,87902.0,87911.97,15.8766
2025-03-25 17:53:00+00:00,87911.97,87940.0,87882.0,87895.62,8.83618
2025-03-25 17:54:00+00:00,87895.62,87954.0,87895.62,87954.0,3.06274
2025-03-25 17:55:00+00:00,87954.0,87984.0,87937.46,87958.31,6.45502
2025-03-25 17:56:00+00:00,87958.32,87996.0,87954.0,87957.19,4.74099
2025-03-25 17:57:00+00:00,87957.2,87972.0,87957.19,87971.99,4.95353
2025-03-25 17:58:00+00:00,87971.99,87991.99,87924.85,87926.0,12.00476
2025-03-25 17:59:00+00:00,87926.0,87966.0,87926.0,87937.27,4.94663
2025-03-25 18:00:00+00:00,87937.27,87949.99,87886.0,87949.99,8.1243
2025-03-25 18:01:00+00:00,87949.99,87950.0,87900.0,87934.86,12.63222
2025-03-25 18:02:00+00:00,87934.87,87934.87,87864.0,87866.0,21.77513
2025-03-25 18:03:00+00:00,87865.99,87908.65,87864.0,87899.99,28.27462
2025-03-25 18:04:00+00:00,87899.99,87988.0,87898.68,87987.99,5.69236
2025-03-25 18:05:00+00:00,87987.99,88009.43,87969.1,87987.99,8.79205
2025-03-25 18:06:00+00:00,87987.98,87990.0,87936.18,87985.2,10.18801
2025-03-25 18:07:00+00:00,87985.19,87985.98,87937.83,87965.52,11.87924
2025-03-25 18:08:00+00:00,87965.53,88004.95,87964.3,87978.0,5.93983
2025-03-25 18:09:00+00:00,87978.0,88004.95,87972.95,88004.95,3.68665
2025-03-25 18:10:00+00:00,88004.94,88059.99,88004.94,88010.01,11.49837
2025-03-25 18:11:00+00:00,88010.01,88032.0,88006.06,88006.06,3.51732
2025-03-25 18:12:00+00:00,88006.06,88020.0,87957.27,87971.36,7.44697
2025-03-25 18:13:00+00:00,87971.35,87978.16,87957.27,87957.28,1.70819
2025-03-25 18:14:00+00:00,87957.27,87957.28,87912.0,87942.83,11.90292
2025-03-25 18:15:00+00:00,87942.82,87952.73,87836.71,87836.72,12.95296
2025-03-25 18:16:00+00:00,87836.72,87908.8,87836.72,87908.8,6.11331
2025-03-25 18:17:00+00:00,87908.8,87921.28,87878.61,87878.61,7.15585
2025-03-25 18:18:00+00:00,87878.62,87926.0,87878.61,87926.0,5.69315
2025-03-25 18:19:00+00:00,87925.99,87928.95,87885.09,87897.99,4.55642
2025-03-25 18:20:00+00:00,87897.99,87944.0,87897.99,87918.22,3.12714
2025-03-25 18:21:00+00:00,87918.22,87918.22,87844.0,87844.0,5.23001
2025-03-25 18:22:00+00:00,87844.01,87849.8,87794.94,87794.95,7.8613
2025-03-25 18:23:00+00:00,87794.94,87801.73,87763.72,87789.08,7.61307
2025-03-25 18:24:00+00:00,87789.08,87804.0,87770.01,87770.01,4.48215
2025-03-25 18:25:00+00:00,87770.0,87773.59,87704.49,87704.5,8.90725
2025-03-25 18:26:00+00:00,87704.49,87711.55,87679.0,87698.72,14.28341
2025-03-25 18:27:00+00:00,87698.72,87768.0,87698.72,87767.99,7.64946
2025-03-25 18:28:00+00:00,87767.99,87784.0,87707.43,87784.0,18.16714
2025-03-25 18:29:00+00:00,87784.0,87804.51,87774.3,87796.6,4.93612
2025-03-25 18:30:00+00:00,87796.61,87820.0,87770.69,87794.0,11.11425
2025-03-25 18:31:00+00:00,87793.99,87812.0,87748.67,87748.67,4.13866
2025-03-25 18:32:00+00:00,87748.68,87774.0,87740.01,87761.03,10.95964
2025-03-25 18:33:00+00:00,87761.02,87841.86,87750.83,87841.86,7.84893
2025-03-25 18:34:00+00:00,87841.86,87858.7,87828.01,87830.01,11.55352
2025-03-25 18:35:00+00:00,87830.0,87843.73,87764.65,87764.65,9.99731
2025-03-25 18:36:00+00:00,87764.65,87822.0,87751.06,87802.27,6.34302
2025-03-25 18:37:00+00:00,87802.28,87848.32,87802.28,87804.18,20.6718
2025-03-25 18:38:00+00:00,87804.18,87804.19,87759.77,87759.77,13.22917
2025-03-25 18:39:00+00:00,87759.76,87759.76,87689.04,87690.23,13.5055
2025-03-25 18:40:00+00:00,87690.23,87709.83,87690.22,87709.82,9.08248
2025-03-25 18:41:00+00:00,87709.82,87709.83,87608.25,87608.26,21.25703
2025-03-25 18:42:00+00:00,87608.26,87619.67,87589.62,87614.87,15.80246
2025-03-25 18:43:00+00:00,87614.87,87656.58,87608.5,87656.57,13.70899
2025-03-25 18:44:00+00:00,87656.58,87656.58,87609.02,87627.6,19.51891
2025-03-25 18:45:00+00:00,87627.59,87627.6,87588.59,87603.99,8.78065
2025-03-25 18:46:00+00:00,87603.99,87637.99,87594.89,87601.99,15.87642
2025-03-25 18:47:00+00:00,87601.99,87672.3,87601.99,87671.86,6.62928
2025-03-25 18:48:00+00:00,87671.87,87708.0,87656.83,87681.96,15.86816
2025-03-25 18:49:00+00:00,87681.96,87693.33,87669.58,87674.55,6.26975
2025-03-25 18:50:00+00:00,87674.55,87728.0,87670.01,87723.82,15.69462
2025-03-25 18:51:00+00:00,87723.82,87773.59,87723.82,87749.06,10.18293
2025-03-25 18:52:00+00:00,87749.06,87749.07,87694.67,87694.67,13.8939
2025-03-25 18:53:00+00:00,87694.67,87709.6,87648.06,87691.99,39.74052
2025-03-25 18:54:00+00:00,87691.99,87766.0,87685.64,87765.99,16.40295
2025-03-25 18:55:00+00:00,87766.0,87797.67,87750.0,87797.66,17.08798
2025-03-25 18:56:00+00:00,87797.66,87840.53,87781.76,87836.37,14.15537
2025-03-25 18:57:00+00:00,87836.37,87836.38,87808.97,87829.22,11.54441
2025-03-25 18:58:00+00:00,87829.22,87850.3,87802.44,87834.98,14.2868
2025-03-25 18:59:00+00:00,87834.99,87842.0,87822.0,87822.0,11.0478
2025-03-25 19:00:00+00:00,87822.0,87878.59,87816.67,87865.99,21.67934
2025-03-25 19:01:00+00:00,87865.98,87887.62,87865.98,87872.01,8.58455
2025-03-25 19:02:00+00:00,87872.0,87937.99,87872.0,87931.21,14.81633
2025-03-25 19:03:00+00:00,87931.21,87935.66,87920.01,87927.51,13.13814
2025-03-25 19:04:00+00:00,87927.5,87940.0,87911.99,87927.26,13.07163
2025-03-25 19:05:00+00:00,87927.26,87943.1,87920.64,87920.64,7.56505
2025-03-25 19:06:00+00:00,87920.64,87969.78,87920.64,87965.44,9.36675
2025-03-25 19:07:00+00:00,87965.45,88002.95,87965.45,87999.38,7.27357
2025-03-25 19:08:00+00:00,87999.38,88050.96,87999.38,88019.27,23.79024
2025-03-25 19:09:00+00:00,88019.27,88064.94,88009.43,88064.94,6.24541
2025-03-25 19:10:00+00:00,88064.93,88117.55,88037.39,88043.47,23.162
2025-03-25 19:11:00+00:00,88043.48,88072.0,88009.43,88009.44,14.45707
2025-03-25 19:12:00+00:00,88009.43,88009.44,87969.86,87979.48,8.06968
2025-03-25 19:13:00+00:00,87979.48,88040.0,87971.12,88039.99,12.87541
2025-03-25 19:14:00+00:00,88040.0,88044.0,88024.48,88043.99,8.01418
2025-03-25 19:15:00+00:00,88043.99,88097.41,88032.62,88097.4,9.08221
2025-03-25 19:16:00+00:00,88097.4,88097.41,88012.8,88022.17,12.82675
2025-03-25 19:17:00+00:00,88022.16,88053.89,87989.13,87989.14,12.08225
2025-03-25 19:18:00+00:00,87989.13,88046.11,87984.74,88028.0,12.6823
2025-03-25 19:19:00+00:00,88028.0,88055.36,88028.0,88034.03,6.41539
2025-03-25 19:20:00+00:00,88034.03,88050.0,87967.83,87967.84,14.96569
2025-03-25 19:21:00+00:00,87967.83,87982.0,87897.95,87903.2,15.40027
2025-03-25 19:22:00+00:00,87903.21,87944.0,87903.21,87943.18,13.4128
2025-03-25 19:23:00+00:00,87943.17,87965.99,87915.0,87938.0,14.73841
2025-03-25 19:24:00+00:00,87938.0,88022.99,87937.99,88022.99,22.29847
2025-03-25 19:25:00+00:00,88022.98,88030.0,88009.43,88009.43,11.07552
2025-03-25 19:26:00+00:00,88009.44,88043.45,88005.02,88043.44,9.09865
2025-03-25 19:27:00+00:00,88043.44,88043.45,87988.47,87994.0,15.00666
2025-03-25 19:28:00+00:00,87994.01,88020.0,87906.0,87906.0,23.63076
2025-03-25 19:29:00+00:00,87906.01,87917.88,87876.76,87915.1,8.18044
2025-03-25 19:30:00+00:00,87915.1,87923.92,87879.2,87895.23,10.34937
2025-03-25 19:31:00+00:00,87895.24,87909.09,87829.93,87891.18,14.58905
2025-03-25 19:32:00+00:00,87891.17,87924.25,87878.3,87924.25,7.44882
2025-03-25 19:33:00+00:00,87924.25,87934.9,87892.41,87892.42,8.41314
2025-03-25 19:34:00+00:00,87892.42,87961.98,87881.14,87961.97,13.10596
2025-03-25 19:35:00+00:00,87961.98,87962.27,87838.64,87854.0,12.06356
2025-03-25 19:36:00+00:00,87854.0,87940.99,87840.88,87920.07,5.63386
2025-03-25 19:37:00+00:00,87920.07,88000.0,87904.87,87999.99,7.91077
2025-03-25 19:38:00+00:00,87999.99,88028.0,87967.64,87968.01,13.23987
2025-03-25 19:39:00+00:00,87968.0,87974.4,87878.64,87878.64,13.42601
2025-03-25 19:40:00+00:00,87878.65,87888.49,87863.77,87878.94,6.14925
2025-03-25 19:41:00+00:00,87878.95,87893.33,87853.6,87858.69,8.19422
2025-03-25 19:42:00+00:00,87858.69,87895.48,87858.69,87892.75,10.51981
2025-03-25 19:43:00+00:00,87891.87,87923.91,87890.6,87923.91,6.18945
2025-03-25 19:44:00+00:00,87923.9,87961.99,87923.9,87959.8,14.93206
2025-03-25 19:45:00+00:00,87959.8,87993.04,87954.8,87993.03,4.85087
2025-03-25 19:46:00+00:00,87993.03,88053.0,87993.03,88053.0,9.15405
2025-03-25 19:47:00+00:00,88053.0,88121.57,88052.99,88121.56,14.49333
2025-03-25 19:48:00+00:00,88121.56,88195.51,88121.56,88184.0,16.67733
2025-03-25 19:49:00+00:00,88184.01,88200.0,88162.1,88162.1,24.4933
2025-03-25 19:50:00+00:00,88162.1,88171.99,88082.26,88171.98,31.03236
2025-03-25 19:51:00+00:00,88171.99,88200.0,88167.86,88184.69,24.13375
2025-03-25 19:52:00+00:00,88184.69,88225.99,88184.69,88224.31,18.43783
2025-03-25 19:53:00+00:00,88224.31,88250.0,88187.62,88197.46,27.82566
2025-03-25 19:54:00+00:00,88197.46,88231.5,88175.5,88187.13,33.86932
2025-03-25 19:55:00+00:00,88187.13,88225.92,88157.02,88175.29,19.7634
2025-03-25 19:56:00+00:00,88175.29,88223.92,88175.29,88219.63,15.4624
2025-03-25 19:57:00+00:00,88219.64,88249.99,88219.64,88221.63,20.48906
2025-03-25 19:58:00+00:00,88221.64,88245.09,88205.95,88205.96,27.13252
2025-03-25 19:59:00+00:00,88205.95,88205.95,88076.02,88116.23,51.00471
2025-03-25 20:00:00+00:00,88116.23,88199.98,88116.23,88197.43,22.69444
2025-03-25 20:01:00+00:00,88197.43,88198.56,88069.41,88106.61,40.61367
2025-03-25 20:02:00+00:00,88106.61,88106.61,87986.33,87994.12,13.40189
2025-03-25 20:03:00+00:00,87994.11,87994.12,87966.19,87971.18,5.45964
2025-03-25 20:04:00+00:00,87971.19,88097.96,87971.18,88097.96,32.56463
2025-03-25 20:05:00+00:00,88097.95,88152.0,88061.02,88151.99,18.9773
2025-03-25 20:06:00+00:00,88151.99,88481.14,88144.07,88339.63,249.65346
2025-03-25 20:07:00+00:00,88339.64,88442.76,88338.85,88359.18,51.53187
2025-03-25 20:08:00+00:00,88359.17,88372.0,88252.15,88372.0,39.24178
2025-03-25 20:09:00+00:00,88372.01,88481.14,88372.0,88447.45,46.67225
2025-03-25 20:10:00+00:00,88447.45,88505.7,88447.45,88484.8,69.08565
2025-03-25 20:11:00+00:00,88484.81,88539.63,88468.95,88514.49,41.03102
2025-03-25 20:12:00+00:00,88514.48,88514.49,88346.07,88365.99,42.96604
2025-03-25 20:13:00+00:00,88366.0,88391.16,88320.77,88391.15,28.63096
2025-03-25 20:14:00+00:00,88391.15,88391.15,88258.25,88380.0,48.52434
2025-03-25 20:15:00+00:00,88380.0,88462.0,88380.0,88461.99,43.53739
2025-03-25 20:16:00+00:00,88462.0,88466.63,88425.84,88438.02,30.6499
2025-03-25 20:17:00+00:00,88438.02,88464.01,88386.79,88425.46,19.64147
2025-03-25 20:18:00+00:00,88425.45,88440.0,88292.83,88292.83,16.8469
2025-03-25 20:19:00+00:00,88292.83,88319.51,88271.78,88300.0,15.20615
2025-03-25 20:20:00+00:00,88300.0,88315.22,88271.72,88289.91,16.3372
2025-03-25 20:21:00+00:00,88289.9,88300.0,88263.0,88263.01,16.78187
2025-03-25 20:22:00+00:00,88263.0,88298.47,88250.01,88292.45,11.53228
2025-03-25 20:23:00+00:00,88292.45,88292.46,88256.29,88275.99,11.06853
2025-03-25 20:24:00+00:00,88275.99,88333.66,88275.99,88309.78,11.58577
2025-03-25 20:25:00+00:00,88309.78,88309.79,88275.86,88275.87,7.73886
2025-03-25 20:26:00+00:00,88275.87,88282.61,88256.0,88256.0,4.22827
2025-03-25 20:27:00+00:00,88256.01,88256.01,88189.26,88189.27,6.98756
2025-03-25 20:28:00+00:00,88189.27,88223.15,88169.49,88187.0,14.83444
2025-03-25 20:29:00+00:00,88187.0,88187.0,88156.64,88161.53,8.69621
2025-03-25 20:30:00+00:00,88161.52,88189.59,88126.19,88126.19,15.58196
2025-03-25 20:31:00+00:00,88126.18,88126.18,88083.63,88084.91,15.58563
2025-03-25 20:32:00+00:00,88084.91,88114.0,88062.0,88113.99,10.02084
2025-03-25 20:33:00+00:00,88113.99,88162.86,88113.99,88143.56,15.61478
2025-03-25 20:34:00+00:00,88143.57,88178.99,88143.56,88165.18,4.81569
2025-03-25 20:35:00+00:00,88165.18,88165.19,88106.2,88118.6,5.87124
2025-03-25 20:36:00+00:00,88118.59,88118.6,88075.5,88075.5,4.51257
2025-03-25 20:37:00+00:00,88075.51,88080.4,88056.73,88056.74,4.61218
2025-03-25 20:38:00+00:00,88056.74,88074.23,88050.0,88050.01,4.63408
2025-03-25 20:39:00+00:00,88050.0,88059.99,88042.0,88042.01,5.37566
2025-03-25 20:40:00+00:00,88042.0,88050.63,88039.72,88046.01,8.23256
2025-03-25 20:41:00+00:00,88046.01,88062.39,87993.69,87993.7,23.29252
2025-03-25 20:42:00+00:00,87993.7,88026.29,87948.86,88026.29,17.60191
2025-03-25 20:43:00+00:00,88026.28,88040.0,88025.99,88039.99,1.78603
2025-03-25 20:44:00+00:00,88039.99,88040.0,87999.99,88000.0,7.3848
2025-03-25 20:45:00+00:00,87999.99,88029.99,87995.64,88029.98,11.93439
2025-03-25 20:46:00+00:00,88029.99,88045.55,87972.58,87979.27,18.46155
2025-03-25 20:47:00+00:00,87979.27,88008.06,87977.52,88008.06,9.9158
2025-03-25 20:48:00+00:00,88008.05,88008.06,87976.28,87976.29,8.46602
2025-03-25 20:49:00+00:00,87976.28,88056.61,87976.28,88002.51,20.56626
2025-03-25 20:50:00+00:00,88002.52,88004.4,87889.6,87910.58,45.88156
2025-03-25 20:51:00+00:00,87910.58,87944.0,87910.57,87922.0,9.71596
2025-03-25 20:52:00+00:00,87921.99,87938.41,87904.8,87926.24,12.09397
2025-03-25 20:53:00+00:00,87926.24,87962.27,87911.91,87925.56,36.14966
2025-03-25 20:54:00+00:00,87925.55,87925.56,87814.35,87840.01,59.98415
2025-03-25 20:55:00+00:00,87840.01,87846.01,87833.13,87834.0,23.31675
2025-03-25 20:56:00+00:00,87833.99,87840.0,87833.99,87838.62,14.12816
2025-03-25 20:57:00+00:00,87838.61,87840.0,87834.29,87834.29,14.00542
2025-03-25 20:58:00+00:00,87834.3,87854.0,87807.32,87842.2,18.71897
2025-03-25 20:59:00+00:00,87842.2,87850.0,87842.0,87849.98,13.78046
2025-03-25 21:00:00+00:00,87849.99,87916.98,87836.41,87902.0,38.04791
2025-03-25 21:01:00+00:00,87902.0,87930.0,87902.0,87910.49,10.94623
2025-03-25 21:02:00+00:00,87910.48,87918.0,87891.3,87912.23,10.41893
2025-03-25 21:03:00+00:00,87912.24,87943.75,87912.23,87943.75,17.50619
2025-03-25 21:04:00+00:00,87943.75,88031.04,87943.74,87998.13,31.95274
2025-03-25 21:05:00+00:00,87998.13,88050.0,87998.13,88043.83,3.73393
2025-03-25 21:06:00+00:00,88043.84,88091.5,88043.83,88065.96,6.00663
2025-03-25 21:07:00+00:00,88065.96,88119.57,88065.96,88119.57,6.3291
2025-03-25 21:08:00+00:00,88119.56,88152.16,88106.0,88143.33,6.43546
2025-03-25 21:09:00+00:00,88143.34,88143.34,88123.03,88134.01,3.05768
2025-03-25 21:10:00+00:00,88134.0,88151.61,88134.0,88151.0,2.66386
2025-03-25 21:11:00+00:00,88151.0,88175.76,88128.0,88175.76,6.19197
2025-03-25 21:12:00+00:00,88175.75,88198.12,88167.08,88167.08,11.025
2025-03-25 21:13:00+00:00,88167.09,88188.0,88167.08,88173.77,20.26425
2025-03-25 21:14:00+00:00,88173.78,88174.38,88118.75,88119.43,19.6127
2025-03-25 21:15:00+00:00,88119.43,88173.99,88108.9,88173.99,25.82378
2025-03-25 21:16:00+00:00,88173.98,88173.98,88131.99,88172.13,23.40503
2025-03-25 21:17:00+00:00,88172.13,88172.13,88127.66,88131.4,19.44537
2025-03-25 21:18:00+00:00,88131.41,88142.0,88109.53,88132.18,20.82944
2025-03-25 21:19:00+00:00,88132.18,88176.0,88112.54,88175.99,31.55255
2025-03-25 21:20:00+00:00,88176.0,88176.0,88137.34,88152.0,20.96747
2025-03-25 21:21:00+00:00,88152.0,88174.92,88138.02,88174.92,25.28256
2025-03-25 21:22:00+00:00,88174.92,88183.68,88174.92,88180.01,7.88854
2025-03-25 21:23:00+00:00,88180.0,88183.99,88151.11,88152.0,19.30461
2025-03-25 21:24:00+00:00,88152.0,88152.0,88074.43,88081.99,24.22359
2025-03-25 21:25:00+00:00,88082.0,88082.0,88021.14,88022.0,27.1797
2025-03-25 21:26:00+00:00,88022.0,88028.0,87991.49,87991.5,22.00694
2025-03-25 21:27:00+00:00,87991.49,88014.0,87991.49,88005.22,18.90926
2025-03-25 21:28:00+00:00,88005.21,88005.22,87981.57,87983.99,18.53719
2025-03-25 21:29:00+00:00,87984.0,87984.0,87933.88,87938.0,26.72846
2025-03-25 21:30:00+00:00,87938.0,87998.44,87935.92,87998.44,24.34816
2025-03-25 21:31:00+00:00,87998.44,87998.44,87990.0,87994.0,20.73141
2025-03-25 21:32:00+00:00,87993.99,87994.0,87942.28,87942.28,15.57446
2025-03-25 21:33:00+00:00,87942.28,87944.0,87930.98,87930.98,4.61953
2025-03-25 21:34:00+00:00,87930.98,87930.98,87862.02,87862.03,11.13913
2025-03-25 21:35:00+00:00,87862.02,87883.2,87853.61,87853.62,4.97353
2025-03-25 21:36:00+00:00,87853.61,87853.62,87833.35,87833.35,3.92677
2025-03-25 21:37:00+00:00,87833.36,87842.0,87824.42,87838.94,4.2585
2025-03-25 21:38:00+00:00,87838.94,87838.95,87803.91,87812.67,4.50363
2025-03-25 21:39:00+00:00,87812.67,87848.05,87812.66,87837.11,13.25274
2025-03-25 21:40:00+00:00,87837.12,87914.58,87832.13,87914.58,9.8286
2025-03-25 21:41:00+00:00,87914.91,87937.9,87893.12,87893.13,7.86624
2025-03-25 21:42:00+00:00,87893.13,87896.59,87891.2,87891.21,2.74252
2025-03-25 21:43:00+00:00,87891.21,87891.21,87815.24,87858.26,78.36979
2025-03-25 21:44:00+00:00,87858.27,87858.27,87810.39,87810.4,27.15431
2025-03-25 21:45:00+00:00,87810.4,87836.37,87810.39,87813.29,20.54924
2025-03-25 21:46:00+00:00,87813.29,87825.7,87801.96,87815.97,19.8971
2025-03-25 21:47:00+00:00,87815.97,87894.87,87815.96,87878.58,9.53661
2025-03-25 21:48:00+00:00,87878.57,87878.58,87874.83,87874.84,1.93232
2025-03-25 21:49:00+00:00,87874.83,87874.84,87868.03,87868.03,1.50961
2025-03-25 21:50:00+00:00,87868.03,87868.04,87865.13,87865.13,0.87886
2025-03-25 21:51:00+00:00,87865.13,87865.14,87835.32,87835.32,1.57029
2025-03-25 21:52:00+00:00,87835.32,87835.33,87826.87,87826.87,13.97556
2025-03-25 21:53:00+00:00,87826.87,87832.31,87811.14,87832.31,25.49025
2025-03-25 21:54:00+00:00,87832.31,87858.15,87816.92,87843.5,33.43064
2025-03-25 21:55:00+00:00,87843.5,87845.16,87777.18,87777.19,23.35187
2025-03-25 21:56:00+00:00,87777.18,87790.0,87702.92,87765.24,38.86302
2025-03-25 21:57:00+00:00,87765.24,87765.24,87727.72,87753.95,26.67917
2025-03-25 21:58:00+00:00,87753.95,87755.01,87731.22,87744.71,23.98435
2025-03-25 21:59:00+00:00,87744.7,87751.02,87711.85,87746.0,27.96757
2025-03-25 22:00:00+00:00,87746.0,87746.0,87708.38,87727.99,39.62227
2025-03-25 22:01:00+00:00,87727.99,87753.54,87708.39,87708.39,29.66354
2025-03-25 22:02:00+00:00,87708.38,87765.7,87700.88,87720.01,25.89042
2025-03-25 22:03:00+00:00,87720.0,87720.01,87642.94,87646.54,30.54494
2025-03-25 22:04:00+00:00,87646.54,87655.24,87611.84,87648.68,27.84053
2025-03-25 22:05:00+00:00,87648.68,87648.68,87587.52,87641.14,21.61763
2025-03-25 22:06:00+00:00,87641.14,87698.47,87641.14,87691.99,9.18824
2025-03-25 22:07:00+00:00,87692.0,87739.12,87691.99,87739.12,5.159
2025-03-25 22:08:00+00:00,87739.11,87765.41,87739.11,87765.41,2.56704
2025-03-25 22:09:00+00:00,87765.4,87791.26,87746.0,87791.25,7.46999
2025-03-25 22:10:00+00:00,87791.25,87805.82,87791.25,87800.02,2.86624
2025-03-25 22:11:00+00:00,87800.01,87800.02,87791.25,87797.18,6.41787
2025-03-25 22:12:00+00:00,87797.18,87797.19,87786.0,87792.71,16.1438
2025-03-25 22:13:00+00:00,87792.71,87792.72,87761.56,87779.99,22.55259
2025-03-25 22:14:00+00:00,87780.0,87780.0,87698.22,87718.47,28.54188
2025-03-25 22:15:00+00:00,87718.46,87734.39,87636.84,87636.85,32.14305
2025-03-25 22:16:00+00:00,87636.85,87636.85,87584.9,87600.0,53.80217
2025-03-25 22:17:00+00:00,87600.0,87638.0,87595.61,87635.42,38.25406
2025-03-25 22:18:00+00:00,87635.43,87644.93,87604.27,87616.18,24.19368
2025-03-25 22:19:00+00:00,87616.18,87616.18,87573.14,87577.0,30.41802
2025-03-25 22:20:00+00:00,87577.0,87594.23,87542.34,87544.8,39.79222
2025-03-25 22:21:00+00:00,87544.8,87565.43,87485.17,87501.0,50.94864
2025-03-25 22:22:00+00:00,87501.0,87529.1,87501.0,87504.28,14.77198
2025-03-25 22:23:00+00:00,87504.29,87504.29,87504.28,87504.28,2.89418
2025-03-25 22:24:00+00:00,87504.28,87523.17,87504.28,87520.43,15.58412
2025-03-25 22:25:00+00:00,87520.42,87527.79,87504.29,87524.01,21.9431
2025-03-25 22:26:00+00:00,87524.01,87564.0,87503.95,87564.0,22.73455
2025-03-25 22:27:00+00:00,87564.0,87571.94,87478.15,87510.0,47.54684
2025-03-25 22:28:00+00:00,87510.0,87510.0,87251.24,87323.53,116.1343
2025-03-25 22:29:00+00:00,87323.53,87370.54,87323.53,87370.54,25.64997
2025-03-25 22:30:00+00:00,87370.53,87370.53,87161.32,87229.49,90.09426
2025-03-25 22:31:00+00:00,87229.49,87346.36,87214.76,87338.83,33.25658
2025-03-25 22:32:00+00:00,87338.83,87384.51,87308.63,87384.51,21.94691
2025-03-25 22:33:00+00:00,87384.51,87384.51,87333.6,87361.99,16.19041
2025-03-25 22:34:00+00:00,87362.0,87417.75,87327.2,87417.74,23.17765
2025-03-25 22:35:00+00:00,87417.74,87483.62,87405.0,87473.67,48.73428
2025-03-25 22:36:00+00:00,87473.67,87500.0,87453.85,87453.86,54.06092
2025-03-25 22:37:00+00:00,87453.86,87503.2,87451.63,87503.2,30.81297
2025-03-25 22:38:00+00:00,87503.2,87527.09,87500.02,87518.55,17.171
2025-03-25 22:39:00+00:00,87518.56,87558.99,87514.04,87558.99,11.20627
2025-03-25 22:40:00+00:00,87558.98,87592.98,87558.98,87577.34,9.37384
2025-03-25 22:41:00+00:00,87577.33,87577.34,87500.0,87500.01,33.68753
2025-03-25 22:42:00+00:00,87500.02,87509.07,87487.07,87501.54,25.42087
2025-03-25 22:43:00+00:00,87501.54,87564.01,87501.53,87558.29,22.53717
2025-03-25 22:44:00+00:00,87558.29,87576.0,87558.0,87573.18,21.27103
2025-03-25 22:45:00+00:00,87573.18,87573.18,87499.11,87500.01,20.85921
2025-03-25 22:46:00+00:00,87500.01,87500.01,87462.72,87475.5,24.81381
2025-03-25 22:47:00+00:00,87475.5,87475.5,87439.35,87452.9,24.53747
2025-03-25 22:48:00+00:00,87452.9,87472.0,87428.01,87429.41,21.28263
2025-03-25 22:49:00+00:00,87429.41,87512.0,87429.4,87502.01,19.30882
2025-03-25 22:50:00+00:00,87502.01,87520.0,87500.51,87500.52,4.41304
2025-03-25 22:51:00+00:00,87500.52,87523.66,87500.51,87523.66,2.17289
2025-03-25 22:52:00+00:00,87523.66,87573.52,87523.65,87573.52,10.32706
2025-03-25 22:53:00+00:00,87573.51,87636.0,87573.51,87616.77,20.80521
2025-03-25 22:54:00+00:00,87616.78,87671.5,87616.77,87649.57,12.65315
2025-03-25 22:55:00+00:00,87649.57,87649.57,87622.23,87630.81,6.95895
2025-03-25 22:56:00+00:00,87630.8,87630.8,87570.22,87570.22,7.14657
2025-03-25 22:57:00+00:00,87570.23,87592.0,87536.34,87554.64,17.72237
2025-03-25 22:58:00+00:00,87554.63,87554.64,87479.27,87510.77,16.48485
2025-03-25 22:59:00+00:00,87510.78,87510.78,87464.72,87464.73,1.99799
2025-03-25 23:00:00+00:00,87464.72,87479.91,87464.72,87474.0,2.08342
2025-03-25 23:01:00+00:00,87474.0,87503.45,87471.77,87471.78,6.09221
2025-03-25 23:02:00+00:00,87471.78,87471.78,87391.48,87391.48,7.96617
2025-03-25 23:03:00+00:00,87391.48,87410.72,87307.7,87307.71,32.09935
2025-03-25 23:04:00+00:00,87307.71,87339.05,87233.8,87233.8,18.05903
2025-03-25 23:05:00+00:00,87233.81,87233.81,87184.9,87209.61,44.26781
2025-03-25 23:06:00+00:00,87209.62,87238.3,87209.61,87232.01,5.96776
2025-03-25 23:07:00+00:00,87232.0,87245.13,87213.89,87245.13,13.81167
2025-03-25 23:08:00+00:00,87245.12,87251.83,87231.91,87237.98,29.9195
2025-03-25 23:09:00+00:00,87237.98,87262.0,87200.18,87250.54,33.53733
2025-03-25 23:10:00+00:00,87250.54,87256.67,87132.66,87142.92,42.83235
2025-03-25 23:11:00+00:00,87142.92,87304.35,87132.65,87242.01,34.85927
2025-03-25 23:12:00+00:00,87242.01,87260.0,87216.39,87220.0,32.95835
2025-03-25 23:13:00+00:00,87220.01,87268.0,87214.39,87214.39,34.44105
2025-03-25 23:14:00+00:00,87214.39,87251.65,87200.65,87240.0,32.16315
2025-03-25 23:15:00+00:00,87240.0,87269.0,87220.27,87268.01,29.55954
2025-03-25 23:16:00+00:00,87268.0,87278.0,87259.24,87274.0,30.37364
2025-03-25 23:17:00+00:00,87274.0,87301.89,87247.82,87301.89,36.26072
2025-03-25 23:18:00+00:00,87301.89,87353.6,87301.88,87338.05,19.24714
2025-03-25 23:19:00+00:00,87338.04,87353.24,87266.35,87279.94,27.38651
2025-03-25 23:20:00+00:00,87279.94,87284.27,87248.1,87265.14,27.40248
2025-03-25 23:21:00+00:00,87265.13,87315.68,87247.2,87293.49,29.36703
2025-03-25 23:22:00+00:00,87293.5,87298.31,87243.88,87279.5,29.42593
2025-03-25 23:23:00+00:00,87279.5,87332.89,87279.5,87307.11,38.34225
2025-03-25 23:24:00+00:00,87307.11,87346.59,87307.1,87338.0,30.5139
2025-03-25 23:25:00+00:00,87337.99,87338.0,87271.01,87285.01,32.94768
2025-03-25 23:26:00+00:00,87285.01,87343.85,87285.0,87339.77,32.50562
2025-03-25 23:27:00+00:00,87339.69,87379.63,87339.68,87358.86,25.02334
2025-03-25 23:28:00+00:00,87358.86,87377.88,87324.02,87324.02,21.98303
2025-03-25 23:29:00+00:00,87324.03,87383.66,87324.02,87383.66,5.52517
2025-03-25 23:30:00+00:00,87383.66,87385.8,87352.0,87385.8,5.91091
2025-03-25 23:31:00+00:00,87385.8,87409.87,87370.0,87370.01,5.46124
2025-03-25 23:32:00+00:00,87370.0,87370.0,87350.0,87350.01,3.08286
2025-03-25 23:33:00+00:00,87350.0,87381.07,87341.13,87381.07,5.61997
2025-03-25 23:34:00+00:00,87381.07,87389.42,87363.58,87389.41,3.07
2025-03-25 23:35:00+00:00,87389.42,87400.0,87380.99,87381.0,4.24814
2025-03-25 23:36:00+00:00,87381.0,87397.14,87370.55,87397.14,5.98923
2025-03-25 23:37:00+00:00,87397.14,87443.66,87397.14,87411.85,10.42946
2025-03-25 23:38:00+00:00,87411.85,87420.88,87399.96,87399.96,1.51082
2025-03-25 23:39:00+00:00,87399.97,87411.66,87395.97,87411.65,1.28877
2025-03-25 23:40:00+00:00,87411.66,87434.79,87376.9,87376.91,4.08901
2025-03-25 23:41:00+00:00,87376.91,87430.1,87376.9,87430.1,11.6629
2025-03-25 23:42:00+00:00,87430.1,87455.07,87430.1,87455.07,12.06574
2025-03-25 23:43:00+00:00,87455.06,87455.07,87402.17,87405.8,4.03559
2025-03-25 23:44:00+00:00,87405.79,87420.0,87396.22,87419.99,5.93063
2025-03-25 23:45:00+00:00,87420.0,87430.84,87365.7,87365.7,7.33478
2025-03-25 23:46:00+00:00,87365.7,87365.7,87330.0,87330.01,2.24365
2025-03-25 23:47:00+00:00,87330.01,87367.28,87328.5,87366.01,12.83061
2025-03-25 23:48:00+00:00,87366.02,87397.08,87354.0,87392.13,8.66155
2025-03-25 23:49:00+00:00,87392.13,87392.13,87375.74,87375.74,1.50668
2025-03-25 23:50:00+00:00,87375.75,87411.19,87365.87,87405.23,15.07726
2025-03-25 23:51:00+00:00,87405.22,87465.98,87386.36,87417.35,49.53679
2025-03-25 23:52:00+00:00,87417.35,87471.42,87417.34,87463.27,25.30584
2025-03-25 23:53:00+00:00,87463.27,87499.99,87448.81,87499.98,33.39358
2025-03-25 23:54:00+00:00,87499.98,87499.99,87458.85,87474.41,32.66761
2025-03-25 23:55:00+00:00,87474.4,87494.83,87442.99,87494.83,31.04021
2025-03-25 23:56:00+00:00,87494.83,87494.83,87447.04,87456.01,27.39402
2025-03-25 23:57:00+00:00,87456.01,87475.82,87424.72,87436.74,24.27794
2025-03-25 23:58:00+00:00,87436.74,87450.07,87409.96,87429.35,33.59717
2025-03-25 23:59:00+00:00,87429.34,87429.35,87369.93,87392.87,32.09631
2025-03-26 00:00:00+00:00,87392.88,87497.71,87379.49,87379.49,47.48341
2025-03-26 00:01:00+00:00,87379.49,87379.49,87311.7,87324.0,43.81656
2025-03-26 00:02:00+00:00,87324.0,87345.71,87286.95,87318.74,28.23085
2025-03-26 00:03:00+00:00,87318.75,87361.65,87318.74,87361.64,19.70949
2025-03-26 00:04:00+00:00,87361.65,87361.65,87318.79,87318.8,6.02712
2025-03-26 00:05:00+00:00,87318.79,87318.8,87276.32,87276.33,7.67453
2025-03-26 00:06:00+00:00,87276.33,87276.33,87263.35,87263.35,4.38823
2025-03-26 00:07:00+00:00,87263.36,87263.36,87199.99,87242.08,25.21287
2025-03-26 00:08:00+00:00,87242.08,87274.84,87232.09,87274.84,23.17056
2025-03-26 00:09:00+00:00,87274.84,87308.96,87274.83,87300.37,11.16741
2025-03-26 00:10:00+00:00,87300.37,87308.06,87290.0,87290.0,9.27605
2025-03-26 00:11:00+00:00,87290.01,87342.15,87290.0,87330.95,8.21404
2025-03-26 00:12:00+00:00,87330.94,87358.88,87316.0,87358.87,4.93977
2025-03-26 00:13:00+00:00,87358.88,87384.0,87338.45,87338.45,10.05552
2025-03-26 00:14:00+00:00,87338.46,87338.46,87304.34,87304.34,6.81542
2025-03-26 00:15:00+00:00,87304.35,87319.82,87304.34,87308.46,5.53036
2025-03-26 00:16:00+00:00,87308.46,87379.41,87308.46,87379.4,18.1768
2025-03-26 00:17:00+00:00,87379.41,87399.4,87378.18,87399.39,11.8511
2025-03-26 00:18:00+00:00,87399.39,87470.27,87399.39,87470.27,20.92041
2025-03-26 00:19:00+00:00,87470.28,87479.28,87436.46,87438.43,6.34851
2025-03-26 00:20:00+00:00,87438.44,87468.11,87438.43,87450.41,5.55979
2025-03-26 00:21:00+00:00,87450.41,87470.31,87443.4,87469.36,3.46708
2025-03-26 00:22:00+00:00,87469.36,87469.37,87434.78,87434.79,5.17034
2025-03-26 00:23:00+00:00,87434.78,87470.31,87419.66,87470.31,5.67204
2025-03-26 00:24:00+00:00,87470.31,87561.02,87470.31,87546.92,24.1291
2025-03-26 00:25:00+00:00,87546.92,87546.92,87514.0,87524.88,6.25268
2025-03-26 00:26:00+00:00,87524.88,87577.61,87524.87,87577.61,17.01301
2025-03-26 00:27:00+00:00,87577.6,87611.41,87570.85,87611.4,13.03513
2025-03-26 00:28:00+00:00,87611.4,87611.41,87579.0,87580.0,12.07251
2025-03-26 00:29:00+00:00,87580.0,87597.81,87571.32,87597.8,7.01722
2025-03-26 00:30:00+00:00,87597.8,87600.35,87556.5,87559.26,7.31782
2025-03-26 00:31:00+00:00,87559.27,87559.27,87553.74,87559.26,2.97111
2025-03-26 00:32:00+00:00,87559.27,87559.27,87530.59,87530.6,8.5735
2025-03-26 00:33:00+00:00,87530.59,87530.6,87457.71,87519.9,15.62979
2025-03-26 00:34:00+00:00,87519.9,87564.95,87519.89,87564.95,6.1265
2025-03-26 00:35:00+00:00,87564.94,87629.17,87563.33,87622.29,21.983
2025-03-26 00:36:00+00:00,87622.29,87718.76,87597.54,87693.78,33.43413
2025-03-26 00:37:00+00:00,87693.79,87693.79,87654.17,87654.69,6.23721
2025-03-26 00:38:00+00:00,87654.7,87693.89,87654.69,87693.88,9.41038
2025-03-26 00:39:00+00:00,87693.88,87693.89,87623.35,87629.35,18.46091
2025-03-26 00:40:00+00:00,87629.34,87727.27,87629.34,87706.15,25.44696
2025-03-26 00:41:00+00:00,87706.15,87727.27,87688.93,87707.11,7.63486
2025-03-26 00:42:00+00:00,87707.12,87773.58,87707.11,87766.59,9.6392
2025-03-26 00:43:00+00:00,87766.59,87766.59,87722.23,87735.0,18.77393
2025-03-26 00:44:00+00:00,87735.0,87753.65,87728.75,87753.64,5.67396
2025-03-26 00:45:00+00:00,87753.64,87800.0,87744.0,87757.39,32.44803
2025-03-26 00:46:00+00:00,87757.4,87757.4,87693.3,87693.31,9.7147
2025-03-26 00:47:00+00:00,87693.31,87697.32,87684.89,87695.44,5.76057
2025-03-26 00:48:00+00:00,87695.44,87695.44,87689.11,87689.12,3.4044
2025-03-26 00:49:00+00:00,87689.11,87695.66,87682.96,87682.97,5.92361
2025-03-26 00:50:00+00:00,87682.97,87725.63,87668.09,87725.63,5.14494
2025-03-26 00:51:00+00:00,87725.63,87800.0,87725.62,87800.0,5.6295
2025-03-26 00:52:00+00:00,87799.99,87814.0,87782.0,87782.0,11.39372
2025-03-26 00:53:00+00:00,87782.01,87793.48,87765.88,87765.88,8.94695
2025-03-26 00:54:00+00:00,87765.87,87765.88,87696.0,87708.26,12.15537
2025-03-26 00:55:00+00:00,87708.26,87708.26,87703.52,87703.53,3.57313
2025-03-26 00:56:00+00:00,87703.52,87703.53,87663.04,87663.04,6.30492
2025-03-26 00:57:00+00:00,87663.05,87673.1,87650.0,87650.0,4.98219
2025-03-26 00:58:00+00:00,87650.01,87657.9,87625.34,87625.35,9.35293
2025-03-26 00:59:00+00:00,87625.35,87652.0,87625.34,87652.0,2.84439
2025-03-26 01:00:00+00:00,87652.0,87652.0,87612.73,87623.99,6.16695
2025-03-26 01:01:00+00:00,87624.0,87631.96,87620.76,87631.95,2.6097
2025-03-26 01:02:00+00:00,87631.95,87631.96,87600.0,87602.22,3.04948
2025-03-26 01:03:00+00:00,87602.23,87602.23,87593.42,87596.97,3.32487
2025-03-26 01:04:00+00:00,87596.98,87613.88,87594.66,87613.88,2.98393
2025-03-26 01:05:00+00:00,87613.88,87625.05,87613.87,87617.03,4.97093
2025-03-26 01:06:00+00:00,87617.03,87617.03,87577.77,87589.91,6.64552
2025-03-26 01:07:00+00:00,87589.91,87589.91,87581.03,87581.03,3.8928
2025-03-26 01:08:00+00:00,87581.02,87607.49,87567.42,87567.42,10.22062
2025-03-26 01:09:00+00:00,87567.42,87582.53,87567.42,87582.53,7.57166
2025-03-26 01:10:00+00:00,87582.52,87706.79,87582.52,87706.78,8.43113
2025-03-26 01:11:00+00:00,87706.78,87706.79,87692.0,87692.01,2.01753
2025-03-26 01:12:00+00:00,87692.0,87697.59,87657.21,87697.59,5.76811
2025-03-26 01:13:00+00:00,87697.58,87734.13,87697.58,87728.89,2.90009
2025-03-26 01:14:00+00:00,87728.88,87728.9,87719.4,87719.51,5.3159
2025-03-26 01:15:00+00:00,87719.52,87719.52,87673.15,87696.46,7.78722
2025-03-26 01:16:00+00:00,87696.46,87734.0,87696.45,87734.0,7.17896
2025-03-26 01:17:00+00:00,87733.99,87733.99,87719.51,87727.25,3.9798
2025-03-26 01:18:00+00:00,87727.26,87739.87,87678.01,87678.02,7.16458
2025-03-26 01:19:00+00:00,87678.02,87695.66,87678.02,87695.66,4.09172
2025-03-26 01:20:00+00:00,87695.65,87887.99,87695.65,87887.99,43.5455
2025-03-26 01:21:00+00:00,87887.99,87892.14,87838.15,87838.15,16.3025
2025-03-26 01:22:00+00:00,87838.15,87838.16,87789.7,87789.71,9.76774
2025-03-26 01:23:00+00:00,87789.7,87798.0,87774.99,87798.0,13.75665
2025-03-26 01:24:00+00:00,87797.99,87798.0,87773.58,87792.15,4.51218
2025-03-26 01:25:00+00:00,87792.14,87806.44,87773.58,87773.59,6.48356
2025-03-26 01:26:00+00:00,87773.58,87773.58,87747.33,87747.98,6.34556
2025-03-26 01:27:00+00:00,87747.99,87860.0,87747.98,87860.0,14.26883
2025-03-26 01:28:00+00:00,87859.99,87865.37,87857.79,87865.37,11.36272
2025-03-26 01:29:00+00:00,87865.37,87873.44,87841.25,87841.26,14.42777
2025-03-26 01:30:00+00:00,87841.25,87853.49,87809.72,87814.06,9.93821
2025-03-26 01:31:00+00:00,87814.06,87836.0,87779.57,87793.48,8.92457
2025-03-26 01:32:00+00:00,87793.48,87818.59,87774.38,87818.58,7.16205
2025-03-26 01:33:00+00:00,87818.58,87818.58,87774.69,87781.95,10.45994
2025-03-26 01:34:00+00:00,87781.95,87802.78,87773.58,87783.64,9.32037
2025-03-26 01:35:00+00:00,87783.64,87792.54,87745.3,87745.3,7.77091
2025-03-26 01:36:00+00:00,87745.3,87760.87,87730.36,87733.32,13.20091
2025-03-26 01:37:00+00:00,87733.31,87753.26,87732.14,87732.15,6.64624
2025-03-26 01:38:00+00:00,87732.15,87787.26,87732.14,87775.21,4.84453
2025-03-26 01:39:00+00:00,87775.21,87775.22,87731.95,87731.95,7.41221
2025-03-26 01:40:00+00:00,87731.96,87776.22,87731.95,87754.02,9.6338
2025-03-26 01:41:00+00:00,87754.02,87791.39,87754.02,87791.39,6.52937
2025-03-26 01:42:00+00:00,87791.39,87791.39,87760.0,87788.97,5.59405
2025-03-26 01:43:00+00:00,87788.96,87833.01,87788.96,87832.04,2.87397
2025-03-26 01:44:00+00:00,87832.04,87832.04,87795.69,87795.69,5.6147
2025-03-26 01:45:00+00:00,87795.69,87835.0,87795.69,87823.02,12.69823
2025-03-26 01:46:00+00:00,87823.02,87823.02,87780.21,87780.21,4.47646
2025-03-26 01:47:00+00:00,87780.22,87804.08,87780.21,87804.08,7.0755
2025-03-26 01:48:00+00:00,87804.07,87812.76,87785.31,87805.92,6.73004
2025-03-26 01:49:00+00:00,87805.92,87827.12,87805.04,87805.93,11.42232
2025-03-26 01:50:00+00:00,87805.92,87805.93,87763.92,87774.76,24.85264
2025-03-26 01:51:00+00:00,87774.75,87774.76,87756.49,87756.49,4.00058
2025-03-26 01:52:00+00:00,87756.5,87756.5,87752.68,87752.69,2.17316
2025-03-26 01:53:00+00:00,87752.68,87778.88,87752.68,87778.88,9.91377
2025-03-26 01:54:00+00:00,87778.89,87813.26,87778.89,87813.26,4.75888
2025-03-26 01:55:00+00:00,87813.26,87831.99,87796.68,87796.68,8.66903
2025-03-26 01:56:00+00:00,87796.69,87797.64,87793.47,87797.64,7.75628
2025-03-26 01:57:00+00:00,87797.63,87835.67,87794.0,87835.66,7.5441
2025-03-26 01:58:00+00:00,87835.66,87849.99,87835.66,87837.63,4.1294
2025-03-26 01:59:00+00:00,87837.62,87837.63,87823.99,87836.04,4.02941
2025-03-26 02:00:00+00:00,87836.04,87836.04,87792.53,87792.54,8.64223
2025-03-26 02:01:00+00:00,87792.54,87800.32,87782.0,87782.01,5.25241
2025-03-26 02:02:00+00:00,87782.01,87782.01,87723.43,87723.44,8.86377
2025-03-26 02:03:00+00:00,87723.43,87723.44,87646.6,87649.39,9.3971
2025-03-26 02:04:00+00:00,87649.39,87649.4,87649.39,87649.4,2.00559
2025-03-26 02:05:00+00:00,87649.4,87649.4,87582.6,87584.9,22.85317
2025-03-26 02:06:00+00:00,87584.9,87584.91,87584.9,87584.9,2.70842
2025-03-26 02:07:00+00:00,87584.9,87584.91,87558.96,87560.96,13.50888
2025-03-26 02:08:00+00:00,87560.95,87598.09,87560.36,87585.35,15.77271
2025-03-26 02:09:00+00:00,87585.35,87643.47,87585.35,87643.47,11.76251
2025-03-26 02:10:00+00:00,87643.47,87643.47,87602.59,87606.35,9.57602
2025-03-26 02:11:00+00:00,87606.35,87647.09,87606.34,87647.09,5.26496
2025-03-26 02:12:00+00:00,87647.09,87656.58,87647.08,87649.34,3.28685
2025-03-26 02:13:00+00:00,87649.34,87649.34,87589.38,87589.38,5.25276
2025-03-26 02:14:00+00:00,87589.39,87589.39,87544.09,87545.86,13.13141
2025-03-26 02:15:00+00:00,87545.86,87549.27,87500.0,87519.28,27.17262
2025-03-26 02:16:00+00:00,87519.28,87519.28,87473.96,87473.96,7.54145
2025-03-26 02:17:00+00:00,87473.97,87514.0,87473.96,87514.0,10.74583
2025-03-26 02:18:00+00:00,87514.0,87532.61,87511.44,87532.61,8.38358
2025-03-26 02:19:00+00:00,87532.6,87532.61,87482.73,87501.34,6.24937
2025-03-26 02:20:00+00:00,87501.34,87510.41,87446.09,87483.86,14.99233
2025-03-26 02:21:00+00:00,87483.86,87497.57,87467.51,87497.57,13.28602
2025-03-26 02:22:00+00:00,87497.56,87518.0,87497.56,87518.0,4.13193
2025-03-26 02:23:00+00:00,87517.99,87527.71,87476.37,87476.37,7.24451
2025-03-26 02:24:00+00:00,87476.37,87484.74,87457.65,87484.73,7.65197
2025-03-26 02:25:00+00:00,87484.74,87500.0,87484.73,87485.42,5.88626
2025-03-26 02:26:00+00:00,87485.41,87522.0,87485.41,87522.0,4.17924
2025-03-26 02:27:00+00:00,87522.0,87522.0,87516.85,87516.85,2.87923
2025-03-26 02:28:00+00:00,87516.85,87530.42,87516.67,87525.62,10.39702
2025-03-26 02:29:00+00:00,87525.62,87525.63,87525.62,87525.63,1.57929
2025-03-26 02:30:00+00:00,87525.63,87552.24,87517.34,87533.77,8.36296
2025-03-26 02:31:00+00:00,87533.77,87560.0,87523.2,87550.47,4.52442
2025-03-26 02:32:00+00:00,87550.47,87550.48,87490.56,87490.56,6.0994
2025-03-26 02:33:00+00:00,87490.56,87490.57,87460.27,87460.28,4.15527
2025-03-26 02:34:00+00:00,87460.28,87460.28,87447.51,87447.52,5.98934
2025-03-26 02:35:00+00:00,87447.52,87447.52,87428.68,87436.83,9.3131
2025-03-26 02:36:00+00:00,87436.83,87436.83,87425.57,87425.57,4.78928
2025-03-26 02:37:00+00:00,87425.56,87425.57,87418.86,87418.86,4.66124
2025-03-26 02:38:00+00:00,87418.87,87490.35,87418.86,87490.34,16.80451
2025-03-26 02:39:00+00:00,87490.34,87513.9,87489.67,87504.21,9.55266
2025-03-26 02:40:00+00:00,87504.21,87504.21,87462.62,87462.62,12.56648
2025-03-26 02:41:00+00:00,87462.61,87462.62,87428.52,87428.53,7.2671
2025-03-26 02:42:00+00:00,87428.53,87439.56,87427.62,87427.62,5.79783
2025-03-26 02:43:00+00:00,87427.62,87427.63,87426.77,87426.78,3.1868
2025-03-26 02:44:00+00:00,87426.77,87433.61,87412.49,87433.6,8.19009
2025-03-26 02:45:00+00:00,87433.61,87441.61,87424.34,87424.35,4.11248
2025-03-26 02:46:00+00:00,87424.34,87444.42,87424.34,87444.42,3.77001
2025-03-26 02:47:00+00:00,87444.41,87453.0,87422.48,87453.0,6.48807
2025-03-26 02:48:00+00:00,87452.99,87461.63,87452.99,87454.84,2.3591
2025-03-26 02:49:00+00:00,87454.83,87454.84,87404.85,87404.86,27.51526
2025-03-26 02:50:00+00:00,87404.85,87406.89,87364.58,87373.81,62.01716
2025-03-26 02:51:00+00:00,87373.8,87402.0,87368.15,87368.16,11.9417
2025-03-26 02:52:00+00:00,87368.16,87391.3,87368.15,87391.3,6.77562
2025-03-26 02:53:00+00:00,87391.3,87391.3,87367.9,87367.91,7.18876
2025-03-26 02:54:00+00:00,87367.9,87367.91,87366.02,87366.02,2.37892
2025-03-26 02:55:00+00:00,87366.02,87366.03,87365.8,87365.8,6.25662
2025-03-26 02:56:00+00:00,87365.8,87365.81,87334.93,87337.99,13.20345
2025-03-26 02:57:00+00:00,87337.99,87337.99,87300.0,87326.05,24.82331
2025-03-26 02:58:00+00:00,87326.04,87336.3,87324.6,87324.6,6.50034
2025-03-26 02:59:00+00:00,87324.6,87324.61,87324.6,87324.6,1.71994
2025-03-26 03:00:00+00:00,87324.61,87391.3,87311.2,87391.3,11.21949
2025-03-26 03:01:00+00:00,87391.3,87405.37,87391.29,87405.36,3.28915
2025-03-26 03:02:00+00:00,87405.37,87405.37,87394.39,87394.4,8.5412
2025-03-26 03:03:00+00:00,87394.4,87394.4,87314.4,87314.4,6.34526
2025-03-26 03:04:00+00:00,87314.41,87314.41,87288.0,87288.01,7.19027
2025-03-26 03:05:00+00:00,87288.01,87288.01,87283.63,87283.64,2.60168
2025-03-26 03:06:00+00:00,87283.63,87288.01,87283.63,87287.07,7.27499
2025-03-26 03:07:00+00:00,87287.08,87287.08,87266.97,87266.98,11.08151
2025-03-26 03:08:00+00:00,87266.98,87266.98,87262.99,87262.99,6.30012
2025-03-26 03:09:00+00:00,87263.0,87263.0,87255.92,87255.92,6.18968
2025-03-26 03:10:00+00:00,87255.92,87255.93,87194.01,87194.01,37.93529
2025-03-26 03:11:00+00:00,87194.01,87206.53,87194.01,87206.53,12.19138
2025-03-26 03:12:00+00:00,87206.52,87224.0,87180.0,87180.01,11.45871
2025-03-26 03:13:00+00:00,87180.01,87239.14,87180.0,87239.14,14.6364
2025-03-26 03:14:00+00:00,87239.14,87239.14,87184.04,87184.05,13.50018
2025-03-26 03:15:00+00:00,87184.05,87195.5,87171.56,87172.91,11.87586
2025-03-26 03:16:00+00:00,87172.91,87172.92,87133.01,87133.6,13.02553
2025-03-26 03:17:00+00:00,87133.6,87184.0,87133.59,87184.0,7.13259
2025-03-26 03:18:00+00:00,87184.0,87240.0,87183.99,87233.87,9.76334
2025-03-26 03:19:00+00:00,87233.87,87288.56,87233.87,87288.56,12.04737
2025-03-26 03:20:00+00:00,87288.56,87288.56,87255.02,87255.02,8.36509
2025-03-26 03:21:00+00:00,87255.02,87288.53,87255.02,87288.53,2.98218
2025-03-26 03:22:00+00:00,87288.53,87323.15,87288.53,87318.36,13.74426
2025-03-26 03:23:00+00:00,87318.36,87318.36,87307.56,87307.56,2.19244
2025-03-26 03:24:00+00:00,87307.56,87307.57,87260.1,87260.1,13.26463
2025-03-26 03:25:00+00:00,87260.1,87275.07,87260.09,87275.07,2.12187
2025-03-26 03:26:00+00:00,87275.06,87295.18,87267.74,87267.75,10.39461
2025-03-26 03:27:00+00:00,87267.74,87267.75,87243.78,87253.65,9.07299
2025-03-26 03:28:00+00:00,87253.65,87268.99,87253.65,87256.55,3.29817
2025-03-26 03:29:00+00:00,87256.55,87256.56,87231.99,87235.04,11.17209
2025-03-26 03:30:00+00:00,87235.04,87235.04,87210.46,87210.46,3.96461
2025-03-26 03:31:00+00:00,87210.47,87210.47,87150.0,87150.01,11.39471
2025-03-26 03:32:00+00:00,87150.0,87171.0,87150.0,87171.0,13.93561
2025-03-26 03:33:00+00:00,87171.0,87182.56,87166.58,87182.55,4.39882
2025-03-26 03:34:00+00:00,87182.56,87210.46,87182.55,87210.46,8.80533
2025-03-26 03:35:00+00:00,87210.45,87210.46,87199.01,87203.02,8.17497
2025-03-26 03:36:00+00:00,87203.03,87203.03,87138.29,87140.92,6.23529
2025-03-26 03:37:00+00:00,87140.91,87145.54,87089.67,87145.54,36.18665
2025-03-26 03:38:00+00:00,87145.54,87145.54,87107.78,87125.5,7.77151
2025-03-26 03:39:00+00:00,87125.5,87125.5,87107.79,87107.8,5.01666
2025-03-26 03:40:00+00:00,87107.8,87135.43,87107.79,87135.43,5.59456
2025-03-26 03:41:00+00:00,87135.42,87141.06,87114.0,87141.05,13.26335
2025-03-26 03:42:00+00:00,87141.05,87168.43,87113.64,87168.42,7.17358
2025-03-26 03:43:00+00:00,87168.42,87168.43,87102.25,87116.01,8.75231
2025-03-26 03:44:00+00:00,87116.01,87126.54,87103.23,87120.15,7.3323
2025-03-26 03:45:00+00:00,87120.15,87150.0,87089.0,87089.01,8.69344
2025-03-26 03:46:00+00:00,87089.0,87089.01,87076.08,87076.08,8.26678
2025-03-26 03:47:00+00:00,87076.08,87108.7,87055.0,87084.07,15.9769
2025-03-26 03:48:00+00:00,87084.07,87108.66,87084.07,87108.66,2.31328
2025-03-26 03:49:00+00:00,87108.66,87124.0,87096.58,87123.99,5.52131
2025-03-26 03:50:00+00:00,87123.99,87167.69,87108.66,87122.0,13.50565
2025-03-26 03:51:00+00:00,87122.01,87122.01,87069.3,87069.31,5.46859
2025-03-26 03:52:00+00:00,87069.31,87095.92,87069.31,87076.17,10.09598
2025-03-26 03:53:00+00:00,87076.16,87090.5,87030.56,87090.49,10.79091
2025-03-26 03:54:00+00:00,87090.49,87099.66,87086.7,87099.66,4.63819
2025-03-26 03:55:00+00:00,87099.65,87108.7,87098.99,87105.06,8.1258
2025-03-26 03:56:00+00:00,87105.07,87145.95,87105.06,87145.94,3.62005
2025-03-26 03:57:00+00:00,87145.95,87145.95,87118.27,87139.48,9.13503
2025-03-26 03:58:00+00:00,87139.47,87157.92,87139.47,87150.6,14.18115
2025-03-26 03:59:00+00:00,87150.61,87153.51,87130.74,87153.51,23.41059
2025-03-26 04:00:00+00:00,87153.5,87153.51,87052.0,87132.0,21.92573
2025-03-26 04:01:00+00:00,87132.01,87227.27,87132.0,87188.99,70.57382
2025-03-26 04:02:00+00:00,87189.0,87190.69,87175.22,87187.25,11.18432
2025-03-26 04:03:00+00:00,87187.25,87223.13,87187.25,87214.78,29.61515
2025-03-26 04:04:00+00:00,87214.78,87231.46,87197.56,87197.57,10.764
2025-03-26 04:05:00+00:00,87197.57,87197.57,87193.25,87196.0,3.21989
2025-03-26 04:06:00+00:00,87196.0,87231.5,87194.69,87231.49,4.50385
2025-03-26 04:07:00+00:00,87231.49,87250.54,87231.49,87239.82,9.28576
2025-03-26 04:08:00+00:00,87239.82,87251.95,87225.77,87233.04,6.50156
2025-03-26 04:09:00+00:00,87233.03,87244.73,87224.8,87235.92,6.96951
2025-03-26 04:10:00+00:00,87235.92,87258.11,87227.44,87258.1,9.80994
2025-03-26 04:11:00+00:00,87258.11,87258.11,87241.0,87241.01,2.05383
2025-03-26 04:12:00+00:00,87241.01,87269.57,87241.0,87249.88,16.1017
2025-03-26 04:13:00+00:00,87249.89,87268.39,87249.89,87268.38,3.14413
2025-03-26 04:14:00+00:00,87268.39,87294.92,87268.39,87282.61,7.38034
2025-03-26 04:15:00+00:00,87282.62,87282.62,87242.39,87242.39,4.68791
2025-03-26 04:16:00+00:00,87242.39,87242.4,87240.0,87240.0,2.74428
2025-03-26 04:17:00+00:00,87240.01,87240.01,87228.26,87228.27,5.09923
2025-03-26 04:18:00+00:00,87228.27,87228.27,87195.44,87196.27,3.45935
2025-03-26 04:19:00+00:00,87196.27,87212.0,87196.26,87200.67,5.20439
2025-03-26 04:20:00+00:00,87200.67,87206.68,87133.69,87143.01,11.784
2025-03-26 04:21:00+00:00,87143.01,87143.01,87126.51,87132.0,2.76207
2025-03-26 04:22:00+00:00,87132.0,87163.44,87131.99,87160.04,4.37369
2025-03-26 04:23:00+00:00,87160.04,87200.0,87160.03,87200.0,3.15664
2025-03-26 04:24:00+00:00,87200.0,87236.0,87191.86,87236.0,8.74287
2025-03-26 04:25:00+00:00,87236.0,87236.0,87194.0,87194.01,1.87318
2025-03-26 04:26:00+00:00,87194.01,87219.99,87190.88,87219.99,3.65506
2025-03-26 04:27:00+00:00,87219.99,87248.0,87210.39,87248.0,6.73948
2025-03-26 04:28:00+00:00,87248.0,87248.97,87247.99,87248.97,6.26079
2025-03-26 04:29:00+00:00,87248.97,87253.66,87248.96,87253.66,3.40432
2025-03-26 04:30:00+00:00,87253.65,87288.0,87253.65,87288.0,4.63011
2025-03-26 04:31:00+00:00,87287.99,87314.4,87287.99,87314.4,5.75512
2025-03-26 04:32:00+00:00,87314.39,87314.4,87299.18,87307.77,4.19882
2025-03-26 04:33:00+00:00,87307.76,87348.0,87307.76,87332.86,3.64041
2025-03-26 04:34:00+00:00,87332.86,87332.86,87314.51,87314.51,1.95065
2025-03-26 04:35:00+00:00,87314.51,87314.52,87294.99,87301.68,3.58863
2025-03-26 04:36:00+00:00,87301.67,87335.59,87301.67,87324.01,3.90587
2025-03-26 04:37:00+00:00,87324.01,87335.11,87324.0,87326.49,2.01396
2025-03-26 04:38:00+00:00,87326.49,87344.28,87326.0,87344.28,10.35243
2025-03-26 04:39:00+00:00,87344.28,87424.34,87344.28,87424.33,47.73272
2025-03-26 04:40:00+00:00,87424.34,87429.5,87394.0,87420.68,18.31973
2025-03-26 04:41:00+00:00,87420.69,87452.0,87410.0,87451.99,6.87954
2025-03-26 04:42:00+00:00,87451.99,87455.64,87405.29,87405.3,17.40243
2025-03-26 04:43:00+00:00,87405.29,87417.09,87402.17,87417.08,2.85389
2025-03-26 04:44:00+00:00,87417.09,87417.09,87410.0,87410.01,1.54032
2025-03-26 04:45:00+00:00,87410.01,87434.79,87364.75,87364.75,23.30599
2025-03-26 04:46:00+00:00,87364.75,87364.76,87344.74,87344.75,6.61665
2025-03-26 04:47:00+00:00,87344.74,87344.74,87316.15,87316.16,2.71504
2025-03-26 04:48:00+00:00,87316.16,87316.16,87259.99,87260.0,41.98875
2025-03-26 04:49:00+00:00,87260.0,87260.0,87232.3,87236.28,28.26406
2025-03-26 04:50:00+00:00,87236.27,87250.0,87197.98,87241.49,30.40056
2025-03-26 04:51:00+00:00,87241.48,87258.53,87241.48,87258.53,3.61022
2025-03-26 04:52:00+00:00,87258.53,87259.99,87258.52,87259.98,2.67124
2025-03-26 04:53:00+00:00,87259.99,87279.5,87259.98,87279.5,1.88251
2025-03-26 04:54:00+00:00,87279.49,87339.47,87279.49,87339.47,3.40172
2025-03-26 04:55:00+00:00,87339.46,87339.47,87305.82,87305.83,5.72367
2025-03-26 04:56:00+00:00,87305.82,87318.0,87305.82,87318.0,3.78651
2025-03-26 04:57:00+00:00,87318.0,87318.0,87288.4,87288.41,11.32289
2025-03-26 04:58:00+00:00,87288.4,87302.0,87288.4,87302.0,3.21901
2025-03-26 04:59:00+00:00,87302.0,87326.79,87301.99,87326.78,2.70635
2025-03-26 05:00:00+00:00,87326.79,87326.79,87290.91,87290.91,6.39915
2025-03-26 05:01:00+00:00,87290.92,87290.92,87274.11,87274.12,2.5233
2025-03-26 05:02:00+00:00,87274.11,87282.33,87274.11,87282.33,8.18717
2025-03-26 05:03:00+00:00,87282.33,87288.97,87282.32,87288.97,3.7617
2025-03-26 05:04:00+00:00,87288.97,87288.97,87259.53,87259.54,5.58743
2025-03-26 05:05:00+00:00,87259.54,87259.54,87251.5,87251.5,5.12015
2025-03-26 05:06:00+00:00,87251.51,87251.51,87243.78,87243.78,5.41617
2025-03-26 05:07:00+00:00,87243.78,87255.59,87243.78,87249.1,5.26154
2025-03-26 05:08:00+00:00,87249.11,87271.74,87249.1,87271.74,4.36762
2025-03-26 05:09:00+00:00,87271.74,87271.74,87266.55,87266.56,2.25852
2025-03-26 05:10:00+00:00,87266.55,87296.75,87266.55,87296.74,5.20725
2025-03-26 05:11:00+00:00,87296.74,87306.6,87296.74,87306.6,2.20135
2025-03-26 05:12:00+00:00,87306.6,87306.6,87277.19,87277.19,9.60857
2025-03-26 05:13:00+00:00,87277.19,87277.2,87268.92,87268.93,10.80378
2025-03-26 05:14:00+00:00,87268.93,87268.93,87262.15,87262.15,12.44727
2025-03-26 05:15:00+00:00,87262.15,87262.16,87249.25,87249.25,5.63015
2025-03-26 05:16:00+00:00,87249.26,87249.26,87249.11,87249.12,7.33349
2025-03-26 05:17:00+00:00,87249.12,87269.65,87249.11,87269.64,3.93243
2025-03-26 05:18:00+00:00,87269.64,87269.65,87269.64,87269.64,1.43074
2025-03-26 05:19:00+00:00,87269.65,87269.65,87248.69,87248.69,7.45733
2025-03-26 05:20:00+00:00,87248.69,87248.69,87239.13,87239.14,1.45285
2025-03-26 05:21:00+00:00,87239.13,87285.54,87239.13,87285.54,8.0481
2025-03-26 05:22:00+00:00,87285.54,87288.0,87285.54,87288.0,2.01384
2025-03-26 05:23:00+00:00,87287.99,87288.0,87216.51,87216.52,13.24859
2025-03-26 05:24:00+00:00,87216.52,87224.62,87215.69,87224.61,15.43092
2025-03-26 05:25:00+00:00,87224.62,87256.18,87224.61,87256.18,14.61394
2025-03-26 05:26:00+00:00,87256.17,87256.18,87256.17,87256.18,2.45238
2025-03-26 05:27:00+00:00,87256.18,87256.18,87256.17,87256.18,0.91619
2025-03-26 05:28:00+00:00,87256.17,87293.5,87256.17,87262.36,29.56292
2025-03-26 05:29:00+00:00,87262.36,87281.99,87262.35,87281.99,4.56096
2025-03-26 05:30:00+00:00,87281.98,87293.5,87281.11,87293.49,13.58375
2025-03-26 05:31:00+00:00,87293.49,87308.68,87293.49,87308.68,3.66581
2025-03-26 05:32:00+00:00,87308.68,87332.0,87306.95,87306.95,6.83934
2025-03-26 05:33:00+00:00,87306.96,87356.0,87306.95,87356.0,6.64092
2025-03-26 05:34:00+00:00,87356.0,87382.73,87355.99,87382.72,4.32103
2025-03-26 05:35:00+00:00,87382.73,87396.75,87382.72,87389.79,7.14643
2025-03-26 05:36:00+00:00,87389.79,87389.79,87366.16,87366.16,5.84835
2025-03-26 05:37:00+00:00,87366.16,87366.17,87362.45,87362.45,3.75904
2025-03-26 05:38:00+00:00,87362.46,87366.17,87348.27,87366.17,9.10958
2025-03-26 05:39:00+00:00,87366.17,87384.0,87366.16,87383.99,6.99052
2025-03-26 05:40:00+00:00,87384.0,87384.0,87375.66,87375.67,4.97017
2025-03-26 05:41:00+00:00,87375.66,87414.21,87375.66,87414.2,14.5166
2025-03-26 05:42:00+00:00,87414.21,87569.17,87409.74,87554.1,109.13874
2025-03-26 05:43:00+00:00,87554.07,87554.07,87510.01,87514.13,33.18049
2025-03-26 05:44:00+00:00,87514.13,87630.0,87514.12,87591.26,51.83993
2025-03-26 05:45:00+00:00,87591.25,87591.26,87544.22,87544.23,11.43559
2025-03-26 05:46:00+00:00,87544.22,87544.23,87472.0,87486.79,33.01208
2025-03-26 05:47:00+00:00,87486.78,87508.58,87477.48,87488.77,10.34869
2025-03-26 05:48:00+00:00,87488.77,87498.46,87465.25,87493.01,12.16876
2025-03-26 05:49:00+00:00,87493.02,87493.02,87474.59,87490.03,15.81955
2025-03-26 05:50:00+00:00,87490.04,87516.55,87478.32,87516.55,9.12378
2025-03-26 05:51:00+00:00,87516.54,87516.55,87479.77,87480.45,9.8654
2025-03-26 05:52:00+00:00,87480.45,87480.45,87473.0,87473.0,7.24305
2025-03-26 05:53:00+00:00,87473.01,87473.01,87462.82,87472.46,3.56897
2025-03-26 05:54:00+00:00,87472.46,87472.47,87470.51,87470.51,5.53212
2025-03-26 05:55:00+00:00,87470.51,87485.29,87464.56,87485.28,6.99676
2025-03-26 05:56:00+00:00,87485.29,87490.59,87485.28,87490.59,8.23407
2025-03-26 05:57:00+00:00,87490.6,87575.38,87490.59,87569.06,28.84525
2025-03-26 05:58:00+00:00,87569.05,87569.06,87509.43,87509.44,11.12749
2025-03-26 05:59:00+00:00,87509.44,87520.36,87507.1,87520.35,5.69879
2025-03-26 06:00:00+00:00,87520.36,87528.27,87502.34,87502.34,13.50902
2025-03-26 06:01:00+00:00,87502.34,87502.35,87477.12,87477.13,16.88383
2025-03-26 06:02:00+00:00,87477.13,87477.13,87472.75,87472.76,3.89639
2025-03-26 06:03:00+00:00,87472.76,87472.76,87469.13,87469.13,2.21259
2025-03-26 06:04:00+00:00,87469.14,87469.14,87442.83,87442.83,6.79981
2025-03-26 06:05:00+00:00,87442.83,87465.69,87442.83,87457.81,5.8947
2025-03-26 06:06:00+00:00,87457.81,87457.81,87457.8,87457.81,1.99231
2025-03-26 06:07:00+00:00,87457.81,87483.09,87457.8,87483.09,4.31111
2025-03-26 06:08:00+00:00,87483.08,87505.79,87483.08,87505.79,4.83861
2025-03-26 06:09:00+00:00,87505.79,87539.88,87505.78,87538.87,10.16675
2025-03-26 06:10:00+00:00,87538.88,87596.65,87538.87,87596.63,15.2719
2025-03-26 06:11:00+00:00,87596.63,87596.64,87582.0,87582.01,4.57175
2025-03-26 06:12:00+00:00,87582.01,87582.01,87550.7,87551.8,6.46441
2025-03-26 06:13:00+00:00,87551.8,87551.8,87544.53,87544.54,1.73646
2025-03-26 06:14:00+00:00,87544.53,87553.66,87544.53,87553.66,3.62474
2025-03-26 06:15:00+00:00,87553.65,87553.66,87546.07,87546.07,5.00184
2025-03-26 06:16:00+00:00,87546.07,87546.08,87507.63,87507.63,2.8431
2025-03-26 06:17:00+00:00,87507.63,87507.64,87481.37,87488.01,11.19188
2025-03-26 06:18:00+00:00,87488.0,87499.67,87488.0,87491.03,7.34259
2025-03-26 06:19:00+00:00,87491.03,87519.13,87491.02,87519.13,3.37284
2025-03-26 06:20:00+00:00,87519.13,87536.06,87519.12,87536.06,6.43249
2025-03-26 06:21:00+00:00,87536.05,87543.27,87536.05,87543.26,11.36808
2025-03-26 06:22:00+00:00,87543.27,87544.36,87540.99,87544.35,3.78056
2025-03-26 06:23:00+00:00,87544.35,87544.36,87540.88,87540.88,4.65429
2025-03-26 06:24:00+00:00,87540.88,87540.89,87540.88,87540.89,1.47516
2025-03-26 06:25:00+00:00,87540.89,87540.89,87538.39,87538.4,2.75528
2025-03-26 06:26:00+00:00,87538.4,87587.12,87538.39,87587.11,9.14094
2025-03-26 06:27:00+00:00,87587.12,87587.24,87575.27,87587.23,3.83311
2025-03-26 06:28:00+00:00,87587.23,87587.24,87565.04,87565.05,12.26764
2025-03-26 06:29:00+00:00,87565.05,87565.05,87565.04,87565.05,1.38762
2025-03-26 06:30:00+00:00,87565.05,87608.97,87565.04,87602.37,11.04781
2025-03-26 06:31:00+00:00,87602.37,87602.38,87576.14,87586.87,10.19295
2025-03-26 06:32:00+00:00,87586.88,87589.71,87586.87,87589.7,2.35765
2025-03-26 06:33:00+00:00,87589.71,87589.71,87588.74,87588.75,2.16575
2025-03-26 06:34:00+00:00,87588.74,87599.76,87588.74,87599.76,14.57014
2025-03-26 06:35:00+00:00,87599.76,87665.99,87599.75,87665.82,12.15286
2025-03-26 06:36:00+00:00,87665.81,87665.82,87632.85,87632.86,10.16134
2025-03-26 06:37:00+00:00,87632.85,87632.86,87632.74,87632.74,3.0626
2025-03-26 06:38:00+00:00,87632.74,87632.75,87612.0,87626.09,8.28584
2025-03-26 06:39:00+00:00,87626.1,87626.1,87618.59,87618.6,5.91809
2025-03-26 06:40:00+00:00,87618.59,87662.65,87618.59,87662.65,13.68523
2025-03-26 06:41:00+00:00,87662.64,87715.12,87662.64,87715.12,18.8954
2025-03-26 06:42:00+00:00,87715.13,87761.98,87715.12,87761.97,57.0467
2025-03-26 06:43:00+00:00,87761.97,87761.98,87732.2,87732.21,6.99767
2025-03-26 06:44:00+00:00,87732.2,87768.0,87732.2,87767.99,8.28017
2025-03-26 06:45:00+00:00,87767.99,87768.0,87729.25,87729.25,7.15945
2025-03-26 06:46:00+00:00,87729.25,87759.5,87729.25,87747.19,8.92722
2025-03-26 06:47:00+00:00,87747.19,87780.01,87747.19,87780.0,7.72679
2025-03-26 06:48:00+00:00,87780.0,87780.0,87779.99,87779.99,2.13841
2025-03-26 06:49:00+00:00,87779.99,87780.0,87738.65,87738.65,7.94426
2025-03-26 06:50:00+00:00,87738.66,87767.74,87728.26,87762.28,9.06318
2025-03-26 06:51:00+00:00,87762.27,87809.34,87742.35,87809.33,21.00742
2025-03-26 06:52:00+00:00,87809.32,87809.33,87800.72,87800.73,3.88801
2025-03-26 06:53:00+00:00,87800.72,87800.72,87798.74,87798.75,2.9731
2025-03-26 06:54:00+00:00,87798.75,87849.16,87798.74,87849.16,41.90261
2025-03-26 06:55:00+00:00,87849.15,87849.16,87834.35,87834.35,5.47222
2025-03-26 06:56:00+00:00,87834.36,87844.41,87824.07,87844.41,7.95261
2025-03-26 06:57:00+00:00,87844.41,87922.84,87844.4,87915.11,18.18153
2025-03-26 06:58:00+00:00,87915.11,87923.92,87888.0,87900.0,13.84769
2025-03-26 06:59:00+00:00,87899.99,87914.64,87899.99,87909.07,8.11578
2025-03-26 07:00:00+00:00,87909.07,87953.63,87881.9,87881.91,8.56111
2025-03-26 07:01:00+00:00,87881.91,87881.91,87847.9,87847.91,5.83598
2025-03-26 07:02:00+00:00,87847.91,87859.61,87818.15,87859.6,9.4547
2025-03-26 07:03:00+00:00,87859.61,87904.51,87859.61,87869.99,15.21389
2025-03-26 07:04:00+00:00,87870.0,87870.0,87850.0,87850.0,6.51588
2025-03-26 07:05:00+00:00,87850.01,87858.7,87850.0,87858.7,2.97583
